Workbook

Sheet Individual stocks
A1: AAPL | J1: AAPL | P1: S&P
A2: Date | B2: Open | C2: High | D2: Low | E2: Close | F2: Adj Close | G2: Volume | H2: Return | J2: Average Total | K2: =AVERAGE(H4:H16) -> 0.00053849966 | P2: Date | Q2: Open | R2: High | S2: Low | T2: Close | U2: Adj Close | V2: Volume | W2: Return
A3: 45965 | B3: 268.33 | C3: 271.49 | D3: 267.62 | E3: 270.04 | F3: 269.78 | G3: 49274800 | J3: Standard Deviation | K3: =_xlfn.STDEV.S(H4:H16) -> 0.010674014 | P3: 45965 | Q3: 6788.52 | R3: 6820.21 | S3: 6766.71 | T3: 6771.55 | U3: 6771.55 | V3: 5739510000
A4: 45966 | B4: 268.61 | C4: 271.7 | D4: 266.93 | E4: 270.14 | F4: 269.88 | G4: 43683100 | H4: =(F4-F3)/F3 -> 0.0003706724 | J4: Covariance | K4: =_xlfn.COVARIANCE.S(H4:H16,$W$4:$W$16) -> 5.6432776e-05 | P4: 45966 | Q4: 6769.77 | R4: 6829.78 | S4: 6763.11 | T4: 6796.29 | U4: 6796.29 | V4: 5939600000 | W4: =(U4-U3)/U3 -> 0.003653521
A5: 45967 | B5: 267.89 | C5: 273.4 | D5: 267.89 | E5: 269.77 | F5: 269.51 | G5: 51204000 | H5: =(F5-F4)/F4 -> -0.0013709797 | J5: Variance | K5: =_xlfn.VAR.S(H4:H16) -> 0.00011393457 | P5: 45967 | Q5: 6787.59 | R5: 6796.68 | S5: 6707.51 | T5: 6720.32 | U5: 6720.32 | V5: 6051900000 | W5: =(U5-U4)/U4 -> -0.011178157
A6: 45968 | B6: 269.8 | C6: 272.29 | D6: 266.77 | E6: 268.47 | F6: 268.21 | G6: 48227400 | H6: =(F6-F5)/F5 -> -0.0048235687 | J6: Beta | K6: =K4/_xlfn.VAR.S(Return!E31:E43) -> 0.60758846 | P6: 45968 | Q6: 6696.18 | R6: 6730.11 | S6: 6631.44 | T6: 6728.8 | U6: 6728.8 | V6: 5926070000 | W6: =(U6-U5)/U5 -> 0.0012618447
A7: 45971 | B7: 268.96 | C7: 273.73 | D7: 267.46 | E7: 269.43 | F7: 269.43 | G7: 41312400 | H7: =(F7-F6)/F6 -> 0.0045486745 | J7: Jensen Alpha | K7: =K2-(0.0002+K6*(AVERAGE($W$4:$W$16)-0.0002)) -> 0.0016109146 | P7: 45971 | Q7: 6785.36 | R7: 6841.32 | S7: 6770.56 | T7: 6832.43 | U7: 6832.43 | V7: 5366050000 | W7: =(U7-U6)/U6 -> 0.015400963
A8: 45972 | B8: 269.81 | C8: 275.91 | D8: 269.8 | E8: 275.25 | F8: 275.25 | G8: 46208300 | H8: =(F8-F7)/F7 -> 0.021601158 | J8: Treynor ratio | K8: =(K2-0.0002)/K6 -> 0.00055711996 | P8: 45972 | Q8: 6815.64 | R8: 6855.13 | S8: 6806.87 | T8: 6846.61 | U8: 6846.61 | V8: 4983490000 | W8: =(U8-U7)/U7 -> 0.0020753963
A9: 45973 | B9: 275 | C9: 275.73 | D9: 271.7 | E9: 273.47 | F9: 273.47 | G9: 48398000 | H9: =(F9-F8)/F8 -> -0.0064668483 | J9: Sharpe ratio | K9: =(K2-0.0002)/K3 -> 0.031712499 | P9: 45973 | Q9: 6867.77 | R9: 6869.91 | S9: 6829.62 | T9: 6850.92 | U9: 6850.92 | V9: 5293610000 | W9: =(U9-U8)/U8 -> 0.00062950862
A10: 45974 | B10: 274.11 | C10: 276.7 | D10: 272.09 | E10: 272.95 | F10: 272.95 | G10: 49602800 | H10: =(F10-F9)/F9 -> -0.0019014883 | P10: 45974 | Q10: 6826.47 | R10: 6828.05 | S10: 6724.72 | T10: 6737.49 | U10: 6737.49 | V10: 5473720000 | W10: =(U10-U9)/U9 -> -0.0165569
A11: 45975 | B11: 271.05 | C11: 275.96 | D11: 269.6 | E11: 272.41 | F11: 272.41 | G11: 47431300 | H11: =(F11-F10)/F10 -> -0.0019783843 | P11: 45975 | Q11: 6672.14 | R11: 6774.31 | S11: 6646.87 | T11: 6734.11 | U11: 6734.11 | V11: 5042660000 | W11: =(U11-U10)/U10 -> -0.0005016705
A12: 45978 | B12: 268.82 | C12: 270.49 | D12: 265.73 | E12: 267.46 | F12: 267.46 | G12: 45018300 | H12: =(F12-F11)/F11 -> -0.018171139 | P12: 45978 | Q12: 6713.61 | R12: 6754.5 | S12: 6638.9 | T12: 6672.41 | U12: 6672.41 | V12: 5204220000 | W12: =(U12-U11)/U11 -> -0.0091623095
A13: 45979 | B13: 269.99 | C13: 270.71 | D13: 265.32 | E13: 267.44 | F13: 267.44 | G13: 45677300 | H13: =(F13-F12)/F12 -> -7.4777537e-05 | P13: 45979 | Q13: 6641.19 | R13: 6666.63 | S13: 6574.32 | T13: 6617.32 | U13: 6617.32 | V13: 5159390000 | W13: =(U13-U12)/U12 -> -0.0082563871
A14: 45980 | B14: 265.53 | C14: 272.21 | D14: 265.5 | E14: 268.56 | F14: 268.56 | G14: 40424500 | H14: =(F14-F13)/F13 -> 0.0041878552 | P14: 45980 | Q14: 6625.84 | R14: 6689.75 | S14: 6603.5 | T14: 6642.16 | U14: 6642.16 | V14: 5021610000 | W14: =(U14-U13)/U13 -> 0.0037537855
A15: 45981 | B15: 270.83 | C15: 275.43 | D15: 265.92 | E15: 266.25 | F15: 266.25 | G15: 45823600 | H15: =(F15-F14)/F14 -> -0.0086014298 | P15: 45981 | Q15: 6737.93 | R15: 6770.35 | S15: 6534.05 | T15: 6538.76 | U15: 6538.76 | V15: 5596080000 | W15: =(U15-U14)/U14 -> -0.015567225
A16: 45982 | B16: 265.95 | C16: 273.33 | D16: 265.67 | E16: 271.49 | F16: 271.49 | G16: 59030800 | H16: =(F16-F15)/F15 -> 0.019680751 | P16: 45982 | Q16: 6555.77 | R16: 6660.05 | S16: 6521.92 | T16: 6602.99 | U16: 6602.99 | V16: 5929930000 | W16: =(U16-U15)/U15 -> 0.0098229634
A19: AMZ | J19: AMZN
A20: Date | B20: Open | C20: High | D20: Low | E20: Close | F20: Adj Close | G20: Volume | H20: Return | J20: Total | K20: =AVERAGE(H22:H24) -> -0.0026481889
A21: 45979 | B21: 228.1 | C21: 230.2 | D21: 222.42 | E21: 222.55 | F21: 222.55 | G21: 60608400 | J21: Standard Deviation | K21: =STDEV(H22:H24) -> 0.020829984
A22: 45980 | B22: 223.74 | C22: 223.74 | D22: 218.52 | E22: 222.69 | F22: 222.69 | G22: 58335600 | H22: =(F22-F21)/F21 -> 0.00062907212 | J22: Covariance | K22: =_xlfn.COVARIANCE.S(H22:H24,W14:W16) -> 0.00027282982
A23: 45981 | B23: 227.05 | C23: 227.41 | D23: 216.74 | E23: 217.14 | F23: 217.14 | G23: 50309000 | H23: =(F23-F22)/F22 -> -0.024922538 | J23: Variance | K23: =_xlfn.VAR.S(H22:H24) -> 0.00043388822
A24: 45982 | B24: 216.35 | C24: 222.21 | D24: 215.18 | E24: 220.69 | F24: 220.69 | G24: 68490500 | H24: =(F24-F23)/F23 -> 0.016348899 | J24: Beta | K24: =K22/_xlfn.VAR.S(Return!E41:E43) -> 1.5519359
J25: Jensen Alpha | K25: =K20-(0.0002+K24*(AVERAGE(W4:W16)-0.0002)) -> 0.00040188333
J26: Treynor ratio | K26: =(K20-0.0002)/K24 -> -0.0018352491
J27: Sharpe ratio | K27: =(K20-0.002)/K21 -> -0.22314895
A30: IWM | J30: IWM
A31: Date | B31: Open | C31: High | D31: Low | E31: Close | F31: Adj Close | G31: Volume | H31: Return | J31: Total | K31: =AVERAGE(H33:H45) -> -0.0016910386
A32: 45965 | B32: 241.79 | C32: 244.06 | D32: 241 | E32: 241.2 | F32: 241.2 | G32: 34468700 | J32: Standard Deviation | K32: =STDEV(H33:H45) -> 0.015724118
A33: 45966 | B33: 241.96 | C33: 245.73 | D33: 241.64 | E33: 244.68 | F33: 244.68 | G33: 38229200 | H33: =(F33-F32)/F32 -> 0.014427861 | J33: Covariance | K33: =_xlfn.COVARIANCE.S(H33:H45,$W$4:$W$16) -> 0.00012972223
A34: 45967 | B34: 244.26 | C34: 244.79 | D34: 240 | E34: 240.35 | F34: 240.35 | G34: 40601200 | H34: =(F34-F33)/F33 -> -0.017696583 | J34: Variance | K34: =_xlfn.VAR.S(H33:H45) -> 0.00024724789
A35: 45968 | B35: 238.41 | C35: 241.66 | D35: 236.27 | E35: 241.61 | F35: 241.61 | G35: 54978900 | H35: =(F35-F34)/F34 -> 0.0052423549 | J35: Beta | K35: =K33/_xlfn.VAR.S(Return!E31:E43) -> 1.3966659
A36: 45971 | B36: 245.01 | C36: 245.24 | D36: 242.25 | E36: 244.03 | F36: 244.03 | G36: 31238000 | H36: =(F36-F35)/F35 -> 0.010016142 | J36: Jensen Alpha | K36: =K31-(0.0002+K35*(AVERAGE($W$4:$W$16)-0.0002)) -> 0.0010338663
A37: 45972 | B37: 243.37 | C37: 244.74 | D37: 242.52 | E37: 244.24 | F37: 244.24 | G37: 27357900 | H37: =(F37-F36)/F36 -> 0.00086054993 | J37: Treynor ratio | K37: =(K31-0.0002)/K35 -> -0.0013539664
A38: 45973 | B38: 244.84 | C38: 246.38 | D38: 243.33 | E38: 243.64 | F38: 243.64 | G38: 35543200 | H38: =(F38-F37)/F37 -> -0.0024566001 | J38: Sharpe ratio | K38: =(K31-0.0002)/K32 -> -0.12026357
A39: 45974 | B39: 241.84 | C39: 242.68 | D39: 235.84 | E39: 236.79 | F39: 236.79 | G39: 65710000 | H39: =(F39-F38)/F38 -> -0.028115252
A40: 45975 | B40: 233.34 | C40: 238.73 | D40: 233.27 | E40: 237.48 | F40: 237.48 | G40: 58344400 | H40: =(F40-F39)/F39 -> 0.0029139744
A41: 45978 | B41: 236.46 | C41: 237.84 | D41: 231.76 | E41: 232.76 | F41: 232.76 | G41: 55765900 | H41: =(F41-F40)/F40 -> -0.019875358
A42: 45979 | B42: 231.31 | C42: 235.08 | D42: 230.96 | E42: 233.47 | F42: 233.47 | G42: 63092500 | H42: =(F42-F41)/F41 -> 0.0030503523
A43: 45980 | B43: 233.8 | C43: 236.37 | D43: 232.43 | E43: 233.43 | F43: 233.43 | G43: 57280500 | H43: =(F43-F42)/F42 -> -0.00017132822
A44: 45981 | B44: 237.24 | C44: 239.1 | D44: 228.9 | E44: 229.11 | F44: 229.11 | G44: 95483000 | H44: =(F44-F43)/F43 -> -0.018506619
A45: 45982 | B45: 229.96 | C45: 237.11 | D45: 229.58 | E45: 235.6 | F45: 235.6 | G45: 99504100 | H45: =(F45-F44)/F44 -> 0.028327004
A48: KO | J48: KO
A49: Date | B49: Open | C49: High | D49: Low | E49: Close | F49: Adj Close | G49: Volume | H49: Return | J49: Total | K49: =AVERAGE(H51:H60) -> 0.0033939534
A50: 45968 | B50: 69.81 | C50: 70.87 | D50: 69.41 | E50: 70.55 | F50: 70.55 | G50: 25108300 | J50: Standard Deviation | K50: =STDEV(H51:H60) -> 0.0098353275
A51: 45971 | B51: 70.01 | C51: 70.66 | D51: 69.44 | E51: 70.52 | F51: 70.52 | G51: 15318000 | H51: =(F51-F50)/F50 -> -0.00042523033 | J51: Covariance | K51: =_xlfn.COVARIANCE.S(H51:H60,W7:W16) -> 4.4362785e-05
A52: 45972 | B52: 70.98 | C52: 71.75 | D52: 70.66 | E52: 71.61 | F52: 71.61 | G52: 16160200 | H52: =(F52-F51)/F51 -> 0.015456608 | J52: Variance | K52: =_xlfn.VAR.S(H51:H60) -> 9.6733667e-05
A53: 45973 | B53: 71.49 | C53: 71.89 | D53: 71.34 | E53: 71.51 | F53: 71.51 | G53: 13612600 | H53: =(F53-F52)/F52 -> -0.001396453 | J53: Beta | K53: =K51/_xlfn.VAR.S(Return!E34:E43) -> 0.40427981
A54: 45974 | B54: 71.42 | C54: 71.67 | D54: 71 | E54: 71.07 | F54: 71.07 | G54: 14002800 | H54: =(F54-F53)/F53 -> -0.0061529856 | J54: Jensen Alpha | K54: =K49-(0.0002+K53*(AVERAGE(W7:W16)-0.0002)) -> 0.0040171429
A55: 45975 | B55: 71.41 | C55: 71.64 | D55: 70.6 | E55: 71.16 | F55: 71.16 | G55: 13172000 | H55: =(F55-F54)/F54 -> 0.0012663571 | J55: Treynor ratio | K55: =(K49-0.0002)/K53 -> 0.0079003534
A56: 45978 | B56: 71.2 | C56: 71.53 | D56: 70.62 | E56: 70.68 | F56: 70.68 | G56: 14772300 | H56: =(F56-F55)/F55 -> -0.0067453626 | J56: Sharpe ratio | K56: =(K49-0.0002)/K50 -> 0.32474296
A57: 45979 | B57: 70.99 | C57: 71.34 | D57: 70.57 | E57: 71.22 | F57: 71.22 | G57: 12838900 | H57: =(F57-F56)/F56 -> 0.0076400679
A58: 45980 | B58: 71.2 | C58: 71.45 | D58: 70.81 | E58: 71.11 | F58: 71.11 | G58: 12401500 | H58: =(F58-F57)/F57 -> -0.00154451
A59: 45981 | B59: 70.95 | C59: 71.48 | D59: 70.61 | E59: 71.21 | F59: 71.21 | G59: 15396500 | H59: =(F59-F58)/F58 -> 0.001406272
A60: 45982 | B60: 71.68 | C60: 73.19 | D60: 71.49 | E60: 72.95 | F60: 72.95 | G60: 26492500 | H60: =(F60-F59)/F59 -> 0.02443477
A63: LLY | J63: LLY
A64: Date | B64: Open | C64: High | D64: Low | E64: Close | F64: Adj Close | G64: Volume | H64: Return | J64: Total | K64: =AVERAGE(H66:H68) -> 0.009565645
A65: 45979 | B65: 1014.01 | C65: 1040.72 | D65: 1014.01 | E65: 1030.05 | F65: 1030.05 | G65: 3430500 | J65: Standard Deviation | K65: =STDEV(H66:H68) -> 0.013588027
A66: 45980 | B66: 1029.64 | C66: 1055.59 | D66: 1026.25 | E66: 1049.6 | F66: 1049.6 | G66: 3571200 | H66: =(F66-F65)/F65 -> 0.018979661 | J66: Covariance | K66: =_xlfn.COVARIANCE.S(H66:H68,W14:W16) -> 0.00016918964
A67: 45981 | B67: 1045.5 | C67: 1057 | D67: 1038.25 | E67: 1043.29 | F67: 1043.29 | G67: 3135700 | H67: =(F67-F66)/F66 -> -0.006011814 | J67: Variance | K67: =_xlfn.VAR.S(H66:H68) -> 0.00018463448
A68: 45982 | B68: 1041 | C68: 1066.65 | D68: 1038 | E68: 1059.7 | F68: 1059.7 | G68: 4266700 | H68: =(F68-F67)/F67 -> 0.015729088 | J68: Beta | K68: =K66/_xlfn.VAR.S(Return!E41:E43) -> 0.9624002
J69: Jensen Alpha | K69: =K64-(0.0002+K68*(AVERAGE(W14:W16)-0.0002)) -> 0.01019667
J70: Treynor ratio | K70: =(K64-0.0002)/K68 -> 0.0097315493
J71: Sharpe ratio | K71: =(K64-0.0002)/K65 -> 0.68925716
A74: LMT | J74: LMT
A75: Date | B75: Open | C75: High | D75: Low | E75: Close | F75: Adj Close | G75: Volume | H75: Return | J75: Total | K75: =AVERAGE(H77:H89) -> -0.0038397199
A76: 45965 | B76: 484.46 | C76: 488.5 | D76: 481 | E76: 484.98 | F76: 484.98 | G76: 1169300 | J76: Standard Deviation | K76: =STDEV(H77:H89) -> 0.013949436
A77: 45966 | B77: 483.02 | C77: 485.85 | D77: 473.14 | E77: 473.14 | F77: 473.14 | G77: 1708000 | H77: =(F77-F76)/F76 -> -0.024413378 | J77: Covariance | K77: =_xlfn.COVARIANCE.S(H77:H89,W4:W16) -> -4.7955593e-05
A78: 45967 | B78: 473.11 | C78: 474.18 | D78: 466.11 | E78: 468.92 | F78: 468.92 | G78: 1093600 | H78: =(F78-F77)/F77 -> -0.008919136 | J78: Variance | K78: =_xlfn.VAR.S(H77:H89) -> 0.00019458677
A79: 45968 | B79: 468.9 | C79: 469.41 | D79: 456.2 | E79: 458.35 | F79: 458.35 | G79: 2514500 | H79: =(F79-F78)/F78 -> -0.022541158 | J79: Beta | K79: =K77/_xlfn.VAR.S(Return!E31:E43) -> -0.51631813
A80: 45971 | B80: 456 | C80: 457.1 | D80: 448.48 | E80: 452.1 | F80: 452.1 | G80: 1630100 | H80: =(F80-F79)/F79 -> -0.013635868 | J80: Jensen Alpha | K80: =K75-(0.0002+K79*(AVERAGE(W4:W16)-0.0002)) -> -0.005120996
A81: 45972 | B81: 451.77 | C81: 461.77 | D81: 451 | E81: 457.07 | F81: 457.07 | G81: 1322100 | H81: =(F81-F80)/F80 -> 0.010993143 | J81: Treynor ratio | K81: =(K75-0.0002)/K79 -> 0.0078240906
A82: 45973 | B82: 456.14 | C82: 459.77 | D82: 455.22 | E82: 457.04 | F82: 457.04 | G82: 935400 | H82: =(F82-F81)/F81 -> -6.5635461e-05 | J82: Sharpe ratio | K82: =(K75-0.0002)/K76 -> -0.28959736
A83: 45974 | B83: 458.01 | C83: 460.91 | D83: 455.1 | E83: 455.85 | F83: 455.85 | G83: 819600 | H83: =(F83-F82)/F82 -> -0.0026037108
A84: 45975 | B84: 455.85 | C84: 466.39 | D84: 454 | E84: 465.77 | F84: 465.77 | G84: 1177300 | H84: =(F84-F83)/F83 -> 0.021761544
A85: 45978 | B85: 467.28 | C85: 471.6 | D85: 464.72 | E85: 470.78 | F85: 470.78 | G85: 1822400 | H85: =(F85-F84)/F84 -> 0.010756382
A86: 45979 | B86: 475.22 | C86: 485 | D86: 471.2 | E86: 474.72 | F86: 474.72 | G86: 1242100 | H86: =(F86-F85)/F85 -> 0.0083690896
A87: 45980 | B87: 472 | C87: 472.42 | D87: 468.3 | E87: 469.91 | F87: 469.91 | G87: 861300 | H87: =(F87-F86)/F86 -> -0.010132289
A88: 45981 | B88: 473.88 | C88: 477.43 | D88: 465.02 | E88: 468.26 | F88: 468.26 | G88: 1044900 | H88: =(F88-F87)/F87 -> -0.0035113107
A89: 45982 | B89: 468.6 | C89: 469.4 | D89: 459.96 | E89: 460.78 | F89: 460.78 | G89: 1575300 | H89: =(F89-F88)/F88 -> -0.015974032
A92: MSFT | J92: MSFT
A93: Date | B93: Open | C93: High | D93: Low | E93: Close | F93: Adj Close | G93: Volume | H93: Return | J93: Total | K93: =AVERAGE(H95:H100) -> -0.010212807
A94: 45974 | B94: 510.31 | C94: 513.5 | D94: 501.29 | E94: 503.29 | F94: 502.35 | G94: 25273100 | J94: Standard Deviation | K94: =_xlfn.STDEV.S(H95:H100) -> 0.013642206
A95: 45975 | B95: 498.23 | C95: 511.6 | D95: 497.44 | E95: 510.18 | F95: 509.23 | G95: 28505700 | H95: =(F95-F94)/F94 -> 0.013695631 | J95: Covariance | K95: =_xlfn.COVARIANCE.S(H95:H100,W11:W16) -> 2.5963245e-05
A96: 45978 | B96: 508.45 | C96: 512.12 | D96: 504.91 | E96: 507.49 | F96: 506.54 | G96: 19092800 | H96: =(F96-F95)/F95 -> -0.0052824853 | J96: Variance | K96: =_xlfn.VAR.S(H95:H100) -> 0.00018610979
A97: 45979 | B97: 495.37 | C97: 502.98 | D97: 486.78 | E97: 493.79 | F97: 492.87 | G97: 33815100 | H97: =(F97-F96)/F96 -> -0.02698701 | J97: Beta | K97: =K95/_xlfn.VAR.S(Return!E38:E43) -> 0.29556491
A98: 45980 | B98: 490.1 | C98: 495.19 | D98: 482.83 | E98: 487.12 | F98: 486.21 | G98: 23245300 | H98: =(F98-F97)/F97 -> -0.013512691 | J98: Jensen Alpha | K98: =K93-(0.0002+K97*(AVERAGE(W11:W16)-0.0002)) -> -0.0093728699
A99: 45981 | B99: 492.71 | C99: 493.57 | D99: 475.5 | E99: 478.43 | F99: 478.43 | G99: 26802500 | H99: =(F99-F98)/F98 -> -0.016001316 | J99: Treynor ratio | K99: =(K93-0.0002)/K97 -> -0.035230188
A100: 45982 | B100: 478.5 | C100: 478.92 | D100: 468.27 | E100: 472.12 | F100: 472.12 | G100: 31769200 | H100: =(F100-F99)/F99 -> -0.013188972 | J100: Sharpe ratio | K100: =(K93-0.0002)/K94 -> -0.76327883
A105: VOO | J105: VOO
A106: Date | B106: Open | C106: High | D106: Low | E106: Close | F106: Adj Close | G106: Volume | H106: Return | J106: Total | K106: =AVERAGE(H108:H110) -> -0.0005307957
A107: 45979 | B107: 608.72 | C107: 611.51 | D107: 603 | E107: 607 | F107: 607 | G107: 8542600 | J107: Standard Deviation | K107: =STDEV(H108:H110) -> 0.01306441
A108: 45980 | B108: 607.52 | C108: 613.57 | D108: 605.67 | E108: 609.2 | F108: 609.2 | G108: 7449400 | H108: =(F108-F107)/F107 -> 0.0036243822 | J108: Covariance | K108: =_xlfn.COVARIANCE.S(H108:H110,W14:W16) -> 0.00017320423
A109: 45981 | B109: 618.72 | C109: 621.13 | D109: 599.36 | E109: 599.96 | F109: 599.96 | G109: 13985000 | H109: =(F109-F108)/F108 -> -0.015167433 | J109: Variance | K109: =_xlfn.VAR.S(H108:H110) -> 0.00017067882
A110: 45982 | B110: 602.25 | C110: 611.01 | D110: 598.38 | E110: 605.93 | F110: 605.93 | G110: 9821400 | H110: =(F110-F109)/F109 -> 0.0099506634 | J110: Beta | K110: =K108/_xlfn.VAR.S(Return!E41:E43) -> 0.98523635
J111: Jensen Alpha | K111: =K106-(0.0002+K110*(AVERAGE(W14:W16)-0.0002)) -> 0.00011994808
J112: Treynor ratio | K112: =(K106-0.0002)/K110 -> -0.00074174659
J113: Sharpe ratio | K113: =(K106-0.0002)/K107 -> -0.055937902

Sheet Risk and Performance
B1: RISK | E1: PERFORMANCE
B2: Variance | C2: Standard Deviation | D2: Beta | E2: Jensen Alpha | F2: Treynor ratio | G2: Sharpe ratio | H2: Weight
A3: AAPL | B3: ='Individual stocks'!K5 -> 0.00011393457 | C3: ='Individual stocks'!K3 -> 0.010674014 | D3: ='Individual stocks'!K6 -> 0.60758846 | E3: ='Individual stocks'!K7 -> 0.0016109146 | F3: ='Individual stocks'!K8 -> 0.00055711996 | G3: ='Individual stocks'!K9 -> 0.031712499 | H3: 0.0296
A4: AMZN | B4: ='Individual stocks'!K23 -> 0.00043388822 | C4: ='Individual stocks'!K21 -> 0.020829984 | D4: ='Individual stocks'!K24 -> 1.5519359 | E4: ='Individual stocks'!K25 -> 0.00040188333 | F4: ='Individual stocks'!K26 -> -0.0018352491 | G4: ='Individual stocks'!K27 -> -0.22314895 | H4: 0.0952
A5: IWM | B5: ='Individual stocks'!K34 -> 0.00024724789 | C5: ='Individual stocks'!K32 -> 0.015724118 | D5: ='Individual stocks'!K35 -> 1.3966659 | E5: ='Individual stocks'!K36 -> 0.0010338663 | F5: ='Individual stocks'!K37 -> -0.0013539664 | G5: ='Individual stocks'!K38 -> -0.12026357 | H5: 0.051
A6: KO | B6: ='Individual stocks'!K52 -> 9.6733667e-05 | C6: ='Individual stocks'!K50 -> 0.0098353275 | D6: ='Individual stocks'!K53 -> 0.40427981 | E6: ='Individual stocks'!K54 -> 0.0040171429 | F6: ='Individual stocks'!K55 -> 0.0079003534 | G6: ='Individual stocks'!K56 -> 0.32474296 | H6: 0.0034
A7: LLY | B7: ='Individual stocks'!K67 -> 0.00018463448 | C7: ='Individual stocks'!K65 -> 0.013588027 | D7: ='Individual stocks'!K68 -> 0.9624002 | E7: ='Individual stocks'!K69 -> 0.01019667 | F7: ='Individual stocks'!K70 -> 0.0097315493 | G7: ='Individual stocks'!K71 -> 0.68925716 | H7: 0.0737
A8: LMT | B8: ='Individual stocks'!K78 -> 0.00019458677 | C8: ='Individual stocks'!K76 -> 0.013949436 | D8: ='Individual stocks'!K79 -> -0.51631813 | E8: ='Individual stocks'!K80 -> -0.005120996 | F8: ='Individual stocks'!K81 -> 0.0078240906 | G8: ='Individual stocks'!K82 -> -0.28959736 | H8: 0.0181
A9: MSFT | B9: ='Individual stocks'!K96 -> 0.00018610979 | C9: ='Individual stocks'!K94 -> 0.013642206 | D9: ='Individual stocks'!K97 -> 0.29556491 | E9: ='Individual stocks'!K98 -> -0.0093728699 | F9: ='Individual stocks'!K99 -> -0.035230188 | G9: ='Individual stocks'!K100 -> -0.76327883 | H9: 0.1259
A10: VOO | B10: ='Individual stocks'!K109 -> 0.00017067882 | C10: ='Individual stocks'!K107 -> 0.01306441 | D10: ='Individual stocks'!K110 -> 0.98523635 | E10: ='Individual stocks'!K111 -> 0.00011994808 | F10: ='Individual stocks'!K112 -> -0.00074174659 | G10: ='Individual stocks'!K113 -> -0.055937902 | H10: 0.6032

Sheet Return
A1: Date | B1: Portfolio Value | C1: Daily portfolio return | D1: Market value | E1: Daily market return
A2: 9/25/2025 | B2: 10000000 | D2: 6604.72
A3: 9/26/2025 | B3: 10000274 | C3: =(B3-B2)/B2 -> 2.7397e-05 | D3: 6643.7 | E3: =(D3-D2)/D2 -> 0.0059018399
A4: 9/29/2025 | B4: 10001096 | C4: =(B4-B3)/B3 -> 8.2194748e-05 | D4: 6661.21 | E4: =(D4-D3)/D3 -> 0.0026355796 | G4: Market
A5: 9/30/2025 | B5: 10001370 | C5: =(B5-B4)/B4 -> 2.7396997e-05 | D5: 6688.46 | E5: =(D5-D4)/D4 -> 0.0040908484 | G5: Total return | H5: =E44 -> -0.00026193389
A6: 45667 | B6: 10001644 | C6: =(B6-B5)/B5 -> 2.7397247e-05 | D6: 6711.2 | E6: =(D6-D5)/D5 -> 0.0033998858 | G6: Mean daily return | H6: =E45 -> 3.0447349e-05
A7: 45698 | B7: 10001918 | C7: =(B7-B6)/B6 -> 2.7397496e-05 | D7: 6715.35 | E7: =(D7-D6)/D6 -> 0.00061836929 | G7: Standard Deviation | H7: =STDEV(E3:E43) -> 0.0086691445
A8: 45726 | B8: 10002192 | C8: =(B8-B7)/B7 -> 2.7397745e-05 | D8: 6715.79 | E8: =(D8-D7)/D7 -> 6.5521529e-05 | G8: Covariance | H8: =_xlfn.COVARIANCE.S(E3:E43,E3:E43) -> 7.5154066e-05
A9: 45818 | B9: 10003014 | C9: =(B9-B8)/B8 -> 8.2193983e-05 | D9: 6740.28 | E9: =(D9-D8)/D8 -> 0.0036466298 | G9: Variance | H9: =_xlfn.VAR.S(E3:E43) -> 7.5154066e-05
A10: 45848 | B10: 10003288 | C10: =(B10-B9)/B9 -> 2.7397742e-05 | D10: 6714.59 | E10: =(D10-D9)/D9 -> -0.0038114144 | G10: Beta | H10: =H8/H9 -> 1
A11: 45879 | B11: 10003562 | C11: =(B11-B10)/B10 -> 2.7396991e-05 | D11: 6753.72 | E11: =(D11-D10)/D10 -> 0.0058276082
A12: 45910 | B12: 10003836 | C12: =(B12-B11)/B11 -> 2.739724e-05 | D12: 6735.11 | E12: =(D12-D11)/D11 -> -0.0027555184 | G12: Portfolio
A13: 45940 | B13: 10004110 | C13: =(B13-B12)/B12 -> 2.7397489e-05 | D13: 6552.51 | E13: =(D13-D12)/D12 -> -0.027111658 | G13: Total return | H13: =C44 -> -0.006829985
A14: 10/13/2025 | B14: 10004933 | C14: =(B14-B13)/B13 -> 8.2194215e-05 | D14: 6654.72 | E14: =(D14-D13)/D13 -> 0.015598603 | G14: Mean daily return | H14: =C45 -> -0.00016562687
A15: 10/14/2025 | B15: 10005207 | C15: =(B15-B14)/B14 -> 2.7397486e-05 | D15: 6644.31 | E15: =(D15-D14)/D14 -> -0.0015643032 | G15: Standard Deviation | H15: =STDEV(C3:C43) -> 0.0017602967
A16: 10/15/2025 | B16: 10005481 | C16: =(B16-B15)/B15 -> 2.7397735e-05 | D16: 6671.06 | E16: =(D16-D15)/D15 -> 0.0040260012 | G16: Covariance | H16: =_xlfn.COVARIANCE.S(C3:C43,E3:E43) -> 8.101117e-06
A17: 10/16/2025 | B17: 10005755 | C17: =(B17-B16)/B16 -> 2.7396984e-05 | D17: 6629.07 | E17: =(D17-D16)/D16 -> -0.006294352 | G17: Variance | H17: =_xlfn.VAR.S(C3:C43) -> 3.0986446e-06
A18: 10/17/2025 | B18: 10006029 | C18: =(B18-B17)/B17 -> 2.7397233e-05 | D18: 6664.01 | E18: =(D18-D17)/D17 -> 0.0052707242 | G18: Beta | H18: =H16/H9 -> 0.10779346
A19: 10/20/2025 | B19: 10006852 | C19: =(B19-B18)/B18 -> 8.2194444e-05 | D19: 6735.13 | E19: =(D19-D18)/D18 -> 0.010672253
A20: 10/21/2025 | B20: 10007126 | C20: =(B20-B19)/B19 -> 2.7397229e-05 | D20: 6735.35 | E20: =(D20-D19)/D19 -> 3.2664551e-05
A21: 10/22/2025 | B21: 10007400 | C21: =(B21-B20)/B20 -> 2.7397477e-05 | D21: 6699.4 | E21: =(D21-D20)/D20 -> -0.0053375103
A22: 10/23/2025 | B22: 10007674 | C22: =(B22-B21)/B21 -> 2.7397726e-05 | D22: 6738.44 | E22: =(D22-D21)/D21 -> 0.0058273875
A23: 10/24/2025 | B23: 10007948 | C23: =(B23-B22)/B22 -> 2.7396975e-05 | D23: 6791.69 | E23: =(D23-D22)/D22 -> 0.0079024225
A24: 10/27/2025 | B24: 10008771 | C24: =(B24-B23)/B23 -> 8.2194669e-05 | D24: 6875.16 | E24: =(D24-D23)/D23 -> 0.012290019
A25: 10/28/2025 | B25: 10009045 | C25: =(B25-B24)/B24 -> 2.739697e-05 | D25: 6890.89 | E25: =(D25-D24)/D24 -> 0.0022879468
A26: 10/29/2025 | B26: 10009319 | C26: =(B26-B25)/B25 -> 2.7397219e-05 | D26: 6890.59 | E26: =(D26-D25)/D25 -> -4.3535741e-05
A27: 10/30/2025 | B27: 10009594 | C27: =(B27-B26)/B26 -> 2.7397467e-05 | D27: 6822.34 | E27: =(D27-D26)/D26 -> -0.0099048122
A28: 10/31/2025 | B28: 10009868 | C28: =(B28-B27)/B27 -> 2.7397716e-05 | D28: 6840.2 | E28: =(D28-D27)/D27 -> 0.0026178701
A29: 45727 | B29: 10010691 | C29: =(B29-B28)/B28 -> 8.2193893e-05 | D29: 6851.97 | E29: =(D29-D28)/D28 -> 0.0017207099
A30: 45758 | B30: 10002836 | C30: =(B30-B29)/B29 -> -0.00078463418 | D30: 6771.55 | E30: =(D30-D29)/D29 -> -0.011736771
A31: 45788 | B31: 10015570 | C31: =(B31-B30)/B30 -> 0.001273028 | D31: 6796.29 | E31: =(D31-D30)/D30 -> 0.003653521
A32: 45819 | B32: 9969652.6 | C32: =(B32-B31)/B31 -> -0.004584573 | D32: 6720.32 | E32: =(D32-D31)/D31 -> -0.011178157
A33: 45849 | B33: 9970086.5 | C33: =(B33-B32)/B32 -> 4.3522078e-05 | D33: 6728.8 | E33: =(D33-D32)/D32 -> 0.0012618447
A34: 45941 | B34: 9981439.8 | C34: =(B34-B33)/B33 -> 0.0011387364 | D34: 6832.43 | E34: =(D34-D33)/D33 -> 0.015400963
A35: 45972 | B35: 9985935.5 | C35: =(B35-B34)/B34 -> 0.00045040897 | D35: 6846.61 | E35: =(D35-D34)/D34 -> 0.0020753963
A36: 46002 | B36: 9983314.2 | C36: =(B36-B35)/B35 -> -0.00026249519 | D36: 6850.92 | E36: =(D36-D35)/D35 -> 0.00062950862
A37: 11/13/2025 | B37: 9958616 | C37: =(B37-B36)/B36 -> -0.002473954 | D37: 6737.49 | E37: =(D37-D36)/D36 -> -0.0165569
A38: 11/14/2025 | B38: 9962797.7 | C38: =(B38-B37)/B37 -> 0.00041991277 | D38: 6734.11 | E38: =(D38-D37)/D37 -> -0.0005016705
A39: 11/17/2025 | B39: 9946234 | C39: =(B39-B38)/B38 -> -0.0016625561 | D39: 6672.41 | E39: =(D39-D38)/D38 -> -0.0091623095
A40: 11/18/2025 | B40: 9943734.9 | C40: =(B40-B39)/B39 -> -0.00025125892 | D40: 6617.32 | E40: =(D40-D39)/D39 -> -0.0082563871
A41: 11/19/2025 | B41: 9967834.3 | C41: =(B41-B40)/B40 -> 0.0024235682 | D41: 6642.16 | E41: =(D41-D40)/D40 -> 0.0037537855
A42: 11/20/2025 | B42: 9887399.2 | C42: =(B42-B41)/B41 -> -0.008069465 | D42: 6538.76 | E42: =(D42-D41)/D41 -> -0.015567225
A43: 11/21/2025 | B43: 9931700.2 | C43: =(B43-B42)/B42 -> 0.0044805483 | D43: 6602.99 | E43: =(D43-D42)/D42 -> 0.0098229634
A44: Total return | B44: =B43-B2 -> -68299.85 | C44: =B43/B2-1 -> -0.006829985 | D44: =D43-D2 -> -1.73 | E44: =D43/D2-1 -> -0.00026193389
A45: Mean daily return | C45: =AVERAGE(C3:C43) -> -0.00016562687 | E45: =AVERAGE(E3:E43) -> 3.0447349e-05

Sheet Beta
B2: Weighted-Average Beta
C3: Beta | D3: Weight
B4: AAPL | C4: ='Individual stocks'!K6 -> 0.60758846 | D4: 0.0296
B5: AMZN | C5: ='Individual stocks'!K24 -> 1.5519359 | D5: 0.0952
B6: IWM | C6: ='Individual stocks'!K35 -> 1.3966659 | D6: 0.051
B7: KO | C7: ='Individual stocks'!K53 -> 0.40427981 | D7: 0.0034
B8: LLY | C8: ='Individual stocks'!K68 -> 0.9624002 | D8: 0.0737
B9: LMT | C9: ='Individual stocks'!K79 -> -0.51631813 | D9: 0.0181
B10: MSFT | C10: ='Individual stocks'!K97 -> 0.29556491 | D10: 0.1259
B11: VOO | C11: ='Individual stocks'!K110 -> 0.98523635 | D11: 0.6032
B12: Stocks Beta | C12: =C4*D4+C5*D5+C6*D6+C7*D7+C8*D8+C9*D9+C10*D10+C11*D11 -> 0.93142315 | D12: 0.55
B13: Portfolio Beta | C13: =C12*D12 -> 0.51228273
B16: Performance measure
C17: Portfolio | D17: Market
B18: Jensen Alpha | C18: =(Return!H14-(0.0002+Return!H18*(Return!H5-0.0002))) -> -0.00031583341 | D18: =Return!H6-(0.0002+Return!H10*(Return!H5-0.0002)) -> 0.00029238124
B19: Sharpe Ratio | C19: =(Return!H13-0.0002)/Return!H15 -> -3.9936363 | D19: =(Return!H5-0.0002)/Return!H7 -> -0.05328483
B20: Treynor Ratio | C20: =(Return!H13-0.0002)/Return!H18 -> -0.065217174 | D20: =(Return!H5-0.0002)/Return!H10 -> -0.00046193389

Sheet Prices
A1: Symbol | B1: Description | C1: Quantity | D1: Last Price | E1: Price Paid | F1: Total price | G1: Day Change | H1: Profit/Loss | I1: Market Value | J1: Profit/Loss Percentage | K1: Beginning proportion | L1: Closing proportion | M1: Weight
A2: AAPL | B2: Apple Inc. | C2: 500 | D2: 277.55 | E2: 270.42 | F2: =C2*E2 -> 135210 | G2: 0.58 | H2: 3565 | I2: 138775 | J2: 0.0264 | K2: =C2*E2/$B$13 -> 0.013521 | L2: =I2/$B$12 -> 0.013972935 | M2: 0.0296
A3: AMZN | B3: Amazon.com, Inc | C3: 1995 | D3: 229.16 | E3: 221.88 | F3: =C3*E3 -> 442650.6 | G3: -0.51 | H3: 14523.2 | I3: 457174.2 | J3: 0.0328 | K3: =C3*E3/$B$13 -> 0.04426506 | L3: =I3/$B$12 -> 0.046031817 | M3: 0.0952
A4: IWM | B4: iShares Russell 2000 ETF | C4: 1000 | D4: 247.3 | E4: 240.5 | F4: =C4*E4 -> 240500 | G4: 2.17 | H4: 6797.14 | I4: 247300 | J4: 0.0283 | K4: =C4*E4/$B$13 -> 0.02405 | L4: =I4/$B$12 -> 0.024900067 | M4: 0.051
A5: KO | B5: The Coca-Cola Company | C5: 200 | D5: 72.88 | E5: 70.02 | F5: =C5*E5 -> 14004 | G5: 0.27 | H5: 572 | I5: 14576 | J5: 0.0408 | K5: =C5*E5/$B$13 -> 0.0014004 | L5: =I5/$B$12 -> 0.0014676238 | M5: 0.0034
A6: LLY | B6: Eli Lilly and Company | C6: 347 | D6: 1104.34 | E6: 1032.43 | F6: =C6*E6 -> 358253.21 | G6: -5.6 | H6: 24952.77 | I6: 383205.98 | J6: 0.0697 | K6: =C6*E6/$B$13 -> 0.035825321 | L6: =I6/$B$12 -> 0.038584127 | M6: 0.0737
A7: LMT | B7: Lockheed Martin Corporation | C7: 200 | D7: 454.16 | E7: 483.5 | F7: =C7*E7 -> 96700 | G7: 1.75 | H7: -5868 | I7: 90832 | J7: -0.0607 | K7: =C7*E7/$B$13 -> 0.00967 | L7: =I7/$B$12 -> 0.0091456648 | M7: 0.0181
A8: MSFT | B8: Microsoft Corporation | C8: 1275 | D8: 485.5 | E8: 483.68 | F8: =C8*E8 -> 616692 | G8: 8.51 | H8: 2315.5 | I8: 619012.5 | J8: 0.0038 | K8: =C8*E8/$B$13 -> 0.0616692 | L8: =I8/$B$12 -> 0.062326942 | M8: 0.1259
A9: VOO | B9: Vanguard S&P 500 ETF | C9: 4700 | D9: 624.95 | E9: 607.24 | F9: =C9*E9 -> 2854028 | G9: 4.29 | H9: 83251 | I9: 2937265 | J9: 0.0292 | K9: =C9*E9/$B$13 -> 0.2854028 | L9: =I9/$B$12 -> 0.29574644 | M9: 0.6032
A10: Portfolio | F10: =SUM(F2:F9) -> 4758037.8 | I10: =SUM(I2:I9) -> 4888140.7
A12: Portoflio value | B12: 9931700.2
A13: Beginning value | B13: 10000000
A14: Total return (%) | B14: =(B12-B13)/B13 -> -0.006829985
A17: Total Market Value | B17: =SUM(I2:I9) -> 4888140.7
A18: Total Cost Basis | B18: =SUM(F2:F9) -> 4758037.8
A19: Total Unrealized P/L | B19: =B17-B18 -> 130102.87
A20: Total return (%) | B20: =(B17-B18)/B18 -> 0.027343808
